motor,nucleos,workers,archivos,filas,corridas,mediana_s,min_s,max_s,filas_por_s,pico_rss_mb
dask,2,1,2,560006,3,1.2,1.16,1.207,467841,234.9
dask,4,2,2,560006,3,0.92,0.891,0.962,612028,431.8
spark,2,1,2,560006,3,1.88,1.468,2.115,298034,519.0
spark,4,2,2,560006,3,1.9,1.698,2.94,294430,955.4
dask,2,1,4,1120489,3,1.84,1.795,1.846,609624,262.5
dask,4,2,4,1120489,3,1.35,1.339,1.366,829992,480.2
spark,2,1,4,1120489,3,2.5,2.274,2.925,447658,645.6
spark,4,2,4,1120489,3,3.31,2.222,3.569,338721,1116.1
dask,2,1,8,2239470,3,3.54,3.451,3.544,632440,298.4
dask,4,2,8,2239470,3,2.11,2.084,2.339,1062367,536.6
spark,2,1,8,2239470,3,4.03,3.676,4.156,555700,682.3
spark,4,2,8,2239470,3,4.56,3.717,4.779,491112,1239.2
